temperatura;blocchidanneggiati;raffreddamento

46.02448885227599;0.0;1

83.22548633432261;0.0;1

81.45156531595693;0.0;

54.427134822506744;0.0;1

76.4386743686301;0.0;1

57.814094512808886;0.0;1

60.478427302281425;0.0;1

71.99292028195022;0.0;1

66.91779301574657;0.0;1

61.454948218233916;0.0;1

43.90641329003764;0.0;1

55.88506545382608;0.0;1

66.2410829647489;0.0;1

65.6035100620801;0.0;1

64.48855731995566;0.0;1

68.54174458101281;0.0;1

21.81854551751369;0.0;1

37.35667034988835;0.0;1

89.19601471319687;0.0;1

37.695672933181875;0.0;1

92.77966132054559;0.0;1

64.76614690677192;0.0;1

45.71349230684853;0.0;1

58.590141126945944;0.0;1

44.91493447946276;0.0;1

55.29934147729037;0.0;1

27.795642546118337;0.0;1

95.1822823973485;0.0;1

77.03172171592878;0.0;1

39.48619171980707;0.0;1

37.262153814908366;0.0;1

24.818158931041204;0.0;1

85.77423181175035;0.0;1

54.57025387307593;0.0;

40.00513167289924;0.0;1

102.09748493027861;0.0;1

81.32887578281652;0.0;1

62.54951339584184;0.0;1

51.36261189289527;0.0;1

65.79617199551345;0.0;1

90.36405546149754;0.0;1

34.73426905052898;0.0;1

52.59471731934086;0.0;1

80.27296750013201;0.0;1

52.14033779200105;0.0;1

67.07280247347373;0.0;1

60.05755522650678;0.0;1

51.46747195936915;0.0;1

34.46889591194509;0.0;1

50.4056542328081;0.0;1

50.12461530550712;0.0;1

48.77103896199739;0.0;1

33.4222044291557;0.0;1

40.61841355625657;0.0;1

43.65181644158929;0.0;1

43.91273766862857;0.0;1

54.38589465011618;0.0;1

55.710765389479604;0.0;1

11.374986275862334;0.0;1

75.19499276842018;0.0;1

29.754501732045608;0.0;1

26.386131234432703;0.0;1

31.44240375154014;0.0;1

49.480825866245155;0.0;1

85.21938471642198;0.0;1

51.93248288390045;0.0;1

43.31811966044036;0.0;1

43.97494651860811;0.0;1

30.432282743104867;0.0;1

63.19545516547872;0.0;1

53.3287705070054;0.0;1

54.215449624258916;0.0;1

45.07948085756511;0.0;1

55.92001965183132;0.0;1

51.22949971581326;0.0;1

91.22741491336743;0.0;1

71.71143921806295;0.0;1

81.88124799002948;0.0;1

21.034195473465566;0.0;1

57.98752972108302;0.0;1

52.295004941742484;0.0;1

67.94088617401233;0.0;1

46.446199662843895;0.0;1

67.20224255073896;0.0;1

70.73501324160407;0.0;1

49.380576115014144;0.0;1

90.85435789636867;0.0;1

39.985635973535835;0.0;1

60.39427544009318;0.0;1

51.709155372188974;0.0;1

53.74132229343449;0.0;1

14.78011327836252;0.0;1

63.17959902880608;0.0;1

85.69723635645661;0.0;1

40.33872968959153;0.0;1

76.67281199149431;0.0;1

70.04221503077687;0.0;1

43.65796451860359;0.0;1

69.64342511002913;0.0;1

31.870099913718025;0.0;1

70.06943285210428;0.0;1

68.49741655880047;0.0;1

51.872189055631814;0.0;1

73.95215141676907;0.0;1

74.12308226782324;0.0;1

28.500688975257518;0.0;1

72.28783453299867;0.0;1

60.57264475493242;0.0;1

67.54767890643468;0.0;1

66.63807937405218;0.0;1

55.38718135524733;0.0;1

92.08287478760523;0.0;1

48.27779626256232;0.0;1

62.51545350333736;0.0;1

40.615213473857125;0.0;1

69.89611170502675;0.0;1

61.58920895497036;0.0;1

78.21021352904009;0.0;1

91.15368800457394;0.0;1

48.54054051056175;0.0;1

67.80934476697281;0.0;1

37.60025917952535;0.0;1

51.11727288146751;0.0;1

33.52298729463282;0.0;1

51.97157667360666;0.0;1

74.44665371178456;0.0;1

78.22315627253147;0.0;1

28.543199300886005;0.0;1

38.506736376412015;0.0;1

45.8900053559573;0.0;1

42.280210299906784;0.0;1

86.06209382052765;0.0;1

57.643317637053606;0.0;1

47.62323567659745;0.0;1

64.37120248306412;0.0;1

28.650901798233708;0.0;1

67.26963301372037;0.0;1

89.21188698972443;0.0;1

65.62133593559413;0.0;1

48.54178481940954;0.0;1

29.805448035573022;0.0;1

66.34116157664471;0.0;1

40.392463573907705;0.0;1

61.56442001425502;0.0;1

23.728338878222658;0.0;1

59.275745516855515;0.0;1

45.33263505633953;0.0;1

49.92719526072146;0.0;1

69.71332220767258;0.0;1

87.30684347901877;0.0;1

44.18555931374243;0.0;1

70.33772169356992;0.0;1

65.53590961077697;0.0;1

45.505532932322694;0.0;1

41.83655288835447;0.0;1

51.17445285401819;0.0;1

89.46303795654312;0.0;1

69.19788616472604;0.0;1

75.02760213170157;0.0;1

27.30472722802321;0.0;1

63.71348267822934;0.0;1

51.747895141610265;0.0;1

56.840670559522245;0.0;1

51.24733681369888;0.0;1

88.87728794666435;0.0;1

86.03231634657918;0.0;1

52.12558445144331;0.0;1

54.60973918009672;0.0;1

76.8998800901577;0.0;1

32.67767713262034;0.0;1

31.190153329962556;0.0;1

45.46318305702818;0.0;1

31.482068055440593;0.0;1

14.039773519215302;0.0;1

42.09896380915478;0.0;1

66.5704077721951;0.0;1

66.61807997417667;0.0;1

96.47408864888978;0.0;1

32.216144579643036;0.0;1

90.79149861419383;0.0;1

107.43534325270859;0.0;1

42.808204811769876;0.0;1

59.89262889505662;0.0;1

36.344348451286564;0.0;1

74.9426850091455;0.0;1

58.84617196533778;0.0;1

59.19260922650869;0.0;1

17.31457623716325;0.0;1

84.40190090560745;0.0;1

41.71164128431665;0.0;1

52.86360473563929;0.0;1

77.93618123742341;0.0;1

55.10043387753895;0.0;1

50.78155805757647;0.0;1

51.04929524484506;0.0;1

71.70435984778877;0.0;1

50.7743806237288;0.0;1

65.84337398422248;0.0;1

79.55457488703743;0.0;1

83.59611085902176;0.0;1

61.65260547533779;0.0;1

63.09944767417868;0.0;1

68.82526694911812;0.0;1

69.87645063443516;0.0;1

34.818539039706764;0.0;1

27.96798725486353;0.0;1

94.55306238681688;0.0;1

89.70227541319007;0.0;1

67.52201000689097;0.0;1

25.293034246818713;0.0;1

42.88990968818105;0.0;1

48.90033386982214;0.0;1

33.406487547074725;0.0;1

55.50877525636732;0.0;1

41.616022581952066;0.0;1

49.78992931451895;0.0;1

101.01325647464112;0.0;1

47.9864256039316;0.0;1

68.22640287667103;0.0;1

54.03790346520386;0.0;1

48.429795934955564;0.0;1

76.64473006208974;0.0;1

73.35100578101272;0.0;1

43.711293162656915;0.0;1

18.947784855633643;0.0;1

53.514675696944;0.0;1

81.83407658663359;0.0;1

68.30503258923781;0.0;1

59.74293061239792;0.0;1

68.11231958990817;0.0;1

60.86784280614356;0.0;1

54.36994230687865;0.0;1

33.34196402355934;0.0;1

47.40928503487068;0.0;1

79.39964225275477;0.0;1

65.50382085105743;0.0;1

39.23006170114043;0.0;1

65.99218485454749;0.0;1

52.86635202121343;0.0;1

69.63110449491275;0.0;1

36.362127705036364;0.0;1

51.074567155362956;0.0;1

59.725459358529044;0.0;1

70.60614498666882;0.0;1

53.85288847893529;0.0;1

66.96848783247853;0.0;1

86.0162623416142;0.0;1

82.1386280734549;0.0;1

77.98895468148973;0.0;1

79.85573435118836;0.0;1

55.21397542153535;0.0;1

45.62049639029172;0.0;1

70.2478601180129;0.0;1

70.65521862175771;0.0;1

60.99139809934884;0.0;1

58.983142029037865;0.0;1

39.27957028133509;0.0;1

67.91067075354624;0.0;1

98.30392316235134;0.0;1

28.092628166714498;0.0;1

71.15777340322659;0.0;1

26.693903811617815;0.0;1

69.21675869564068;0.0;1

89.17322141001364;0.0;1

67.1338831164601;0.0;1

68.10725817093797;0.0;1

31.50035508123754;0.0;1

61.92523040589303;0.0;1

52.72501807355062;0.0;1

58.674099355116496;0.0;1

77.08169905793521;0.0;1

56.467834227783335;0.0;1

64.91573753052499;0.0;1

68.70170788011097;0.0;1

50.791076921243736;0.0;1

61.67968185092531;0.0;1

90.7315769053038;0.0;1

83.01884397909251;0.0;1

74.1126912736451;0.0;1

59.831535877824344;0.0;1

49.22127707844996;0.0;1

80.11447030966195;0.0;1

43.631285522235316;0.0;1

76.5284635646095;0.0;1

98.55299678511315;0.0;1

78.70782293342522;0.0;1

85.21719841345643;0.0;1

54.48632522430416;0.0;1

51.51597743801666;0.0;1

17.62945761483769;0.0;1

61.474091383432615;0.0;1

65.10835231993488;0.0;1

52.71052738572023;0.0;1

15.232098253188909;0.0;1

60.763004862658775;0.0;1

74.20012629295849;0.0;1

74.50644300009657;0.0;1

91.17188400632904;0.0;1

40.394283687917365;0.0;1

48.959890577090945;0.0;1

66.69039131571408;0.0;1

53.47276788407424;0.0;1

-5.654908975588157;0.0;1

15.055534814455186;0.0;1

57.38228254784601;0.0;1

67.16618289179304;0.0;1

82.59082310115453;0.0;1

77.13047965187525;0.0;1

88.92883394966152;0.0;1

52.94262798655775;0.0;1

31.138699644816047;0.0;1

73.2635137170673;0.0;1

73.4054157518426;0.0;1

72.3479533479153;0.0;1

103.79759939941252;0.0;1

101.5070905914391;0.0;1

50.28374541629837;0.0;1

42.94731156886347;0.0;1

57.59992712601613;0.0;1

76.65163464911582;0.0;1

66.13650191029852;0.0;1

64.13851726562713;0.0;1

29.155414694998928;0.0;1

47.53032339316598;0.0;1

53.242605646504806;0.0;1

75.47617532744032;0.0;1

80.67077356747589;0.0;1

68.4539530300005;0.0;1

51.773192574519115;0.0;1

66.19869197642493;0.0;1

59.76043656563314;0.0;1

32.9378407648485;0.0;1

28.347255981421362;0.0;1

85.94232125140044;0.0;1

9.710945391803264;0.0;1

59.66873334613434;0.0;1

88.31576510058765;0.0;1

78.18002342879706;0.0;1

95.00859266864134;0.0;1

72.20911069527392;0.0;1

36.79773067492679;0.0;1

52.83404327725207;0.0;1

68.96644981135191;0.0;1

44.45498334283932;0.0;1

47.984947973111275;0.0;1

71.6063221267281;0.0;1

43.860295329064726;0.0;1

52.3434803343576;0.0;1

23.62635688193709;0.0;1

73.08189464182185;0.0;1

54.982545590489664;0.0;1

67.1686671504074;0.0;1

43.92426732020083;0.0;1

33.425032256531615;0.0;1

80.04770072187486;0.0;1

43.11164771539182;0.0;1

39.402746463623124;0.0;1

36.34384928870832;0.0;1

50.777330579174624;0.0;1

61.276062044283606;0.0;1

63.707327407632796;0.0;1

102.46170284855201;0.0;1

51.451031514814865;0.0;1

123.15413035217502;0.0;1

47.69917489568054;0.0;1

85.5574901211085;0.0;1

81.42759657212801;0.0;1

80.94245493241561;0.0;1

99.8521314942831;0.0;1

40.344316809321924;0.0;1

60.08967147733157;0.0;1

51.112370807475;0.0;1

43.40621921652399;0.0;1

47.42271503151407;0.0;1

74.19024261268727;0.0;1

23.27746436755072;0.0;1

39.135558495407196;0.0;1

87.42401160638101;0.0;1

75.61850729045881;0.0;1

37.97069767144273;0.0;1

55.9600975626779;0.0;1

17.398563079604124;0.0;1

68.55366153380314;0.0;1

64.17786119991518;0.0;1

75.10460477367644;0.0;1

69.5816134935189;0.0;1

85.3341970483384;0.0;1

82.50468147871109;0.0;1

38.74692987197743;0.0;1

60.19804687516691;0.0;1

47.11597696215773;0.0;1

69.1953949852576;0.0;1

50.07285311104354;0.0;1

44.37509985624757;0.0;1

92.76064794184381;0.0;1

57.341382841485725;0.0;1

53.41086741024722;0.0;1

67.35711365080016;0.0;1

47.262759359860546;0.0;1

41.42863304821188;0.0;1

48.768921547645505;0.0;1

62.81982569761816;0.0;1

56.110612322381314;0.0;1

89.12040874802103;0.0;1

66.26945415675581;0.0;1

41.1204461909276;0.0;1

71.72389177699117;0.0;1

28.0273152916322;0.0;1

38.35337900078003;0.0;1

72.51710748439356;0.0;1

90.83033977185431;0.0;1

44.85200715679542;0.0;1

101.01408656548433;0.0;1

55.40960129801502;0.0;1

19.158329879436202;0.0;1

53.33382975627795;0.0;1

61.076641356895216;0.0;1

46.90221581662082;0.0;1

56.662851436910685;0.0;1

53.67256340943625;0.0;1

111.57454922804322;0.0;1

68.87531722779961;0.0;1

48.09241916936226;0.0;1

31.016755083329187;0.0;1

79.32372039793239;0.0;1

54.187585079050436;0.0;1

37.06251728293044;0.0;1

81.04771464714332;0.0;1

65.36607759567627;0.0;1

55.71267388063753;0.0;1

52.38658326211208;0.0;1

63.87989018319249;0.0;1

65.68265633966536;0.0;1

41.03358193423439;0.0;1

51.42740107575225;0.0;1

54.52994867951729;0.0;1

78.61751631296556;0.0;1

57.34038129822049;0.0;1

65.17313425383244;0.0;1

85.99710363162993;0.0;1

52.2236573151148;0.0;1

62.072816283270356;0.0;1

69.01561220577942;0.0;1

33.25658267115372;0.0;1

53.27892983282354;0.0;1

61.817168815083164;0.0;1

88.01197791440947;0.0;1

60.242312212440254;0.0;1

70.6032016988718;0.0;1

56.67419397760639;0.0;1

34.583564139462155;0.0;1

39.6763086511217;0.0;1

56.86790728322072;0.0;1

37.7463424059179;0.0;1

49.66948522058993;0.0;1

48.542319004487254;0.0;1

26.90790652081668;0.0;1

53.50063135791819;0.0;1

54.738917055063375;0.0;1

34.35846292779796;0.0;1

88.10710314875377;0.0;1

5.660389182915935;0.0;1

83.46116205871607;0.0;1

66.80659535979883;0.0;1

68.50369803860993;0.0;1

79.55123312630704;0.0;1

41.37373029182967;0.0;1

73.38896225968861;0.0;1

21.132382078201182;0.0;1

73.40696818270277;0.0;1

53.12592760462357;0.0;1

63.28612199602876;0.0;1

85.48641052308805;0.0;1

64.43970609989437;0.0;1

53.07218962580666;0.0;1

50.66490114713652;0.0;1

32.74367827309455;0.0;1

93.53926611935627;0.0;1

42.25890682004428;0.0;1

61.023142741275606;0.0;1

47.55580471085515;0.0;1

92.23367704063497;0.0;1

75.69252910834506;0.0;1

55.54918494084296;0.0;1

52.24945205956113;0.0;1

18.238851679901174;0.0;1

46.11197891603936;0.0;1

44.911376739984654;0.0;1

27.101488071424058;0.0;1

81.97242998756425;0.0;1

52.37898956839357;0.0;1

57.283196003524246;0.0;1

65.7620604187964;0.0;1

89.23393784105869;0.0;1

69.79382510490356;0.0;1

39.18151967534573;0.0;1

93.9360545488567;0.0;1

36.342752827793575;0.0;1

89.81326952299781;0.0;1

75.32139590966227;0.0;1

45.9904365781702;0.0;1

58.552405893995505;0.0;1

54.371184924926084;0.0;1

79.50360301822296;0.0;1

21.732330063980918;0.0;1

30.817554976222723;0.0;1

95.15784355670209;0.0;1

83.6576134239808;0.0;1

34.75558044276319;0.0;1

70.81191645290245;0.0;1

46.19052589307568;0.0;1

48.45339231985818;0.0;1

62.960225694575676;0.0;1

64.43747463687458;0.0;1

44.11774718799985;0.0;1

65.13523222745091;0.0;1

43.157999868690396;0.0;1

46.00344310550096;0.0;1

58.1749171216616;0.0;1

48.97648070387474;0.0;1

71.42759538438908;0.0;1

62.422322702720464;0.0;1

33.258197697396085;0.0;1

37.597218992571136;0.0;1

64.67683638123098;0.0;1

12.589826043078666;0.0;1

59.63238908155618;0.0;1

77.84375167637997;0.0;1

58.17436862638942;0.0;1

21.972201710366882;0.0;1

58.45943466879084;0.0;1

61.78398223871619;0.0;1

68.25385710183674;0.0;1

57.386052974134536;0.0;1

41.692653637791686;0.0;1

102.97940325959027;0.0;1

59.76506260440318;0.0;1

43.98738923536502;0.0;1

65.4831326145072;0.0;1

69.89519739887746;0.0;1

68.53259025775853;0.0;1

113.7562767987974;0.0;1

19.808309402182232;0.0;1

78.24074029152408;0.0;1

84.2682389276181;0.0;1

26.367470408915146;0.0;1

69.20172195132754;0.0;1

69.60554505698498;0.0;1

67.05591159852057;0.0;1

56.230093287719;0.0;1

51.1049613550995;0.0;1

63.79300862196631;0.0;1

20.836941384770512;0.0;1

69.09275637044735;0.0;1

98.92315140386758;0.0;1

22.674518664623896;0.0;1

48.94077155054062;0.0;1

108.76986455943548;0.0;1

73.15911308343007;0.0;1

33.685993164149295;0.0;1

54.355958322790165;0.0;1

81.28680143777521;0.0;1

66.25053061781;0.0;1

56.11524535958087;0.0;1

63.93196918488122;0.0;1

29.676053989007567;0.0;1

57.57497388551703;0.0;1

87.7420330615081;0.0;1

57.255633077415695;0.0;1

33.4299038347807;0.0;1

50.982738563457204;0.0;1

32.16894946206038;0.0;1

59.370985110241065;0.0;1

62.384103965931644;0.0;1

58.343910577763694;0.0;1

34.563805458644765;0.0;1

36.410372101933234;0.0;1

64.31484115334666;0.0;1

84.99793040700541;0.0;1

55.101036189792104;0.0;1

91.4632410830444;0.0;1

65.9660922330304;0.0;1

56.58990484597245;0.0;1

61.508979544102594;0.0;1

55.52690821636989;0.0;1

67.56169555482661;0.0;1

67.58658082215375;0.0;1

110.47690492327166;0.0;1

50.154866439924504;0.0;1

75.33966256884986;0.0;1

54.43814394132468;0.0;1

26.6402610032224;0.0;1

78.41607114367477;0.0;1

83.01567195580029;0.0;1

54.52734324612593;0.0;1

53.64573945117859;0.0;1

96.25513421202876;0.0;1

43.96838285012391;0.0;1

53.94066768572278;0.0;1

39.76383975068853;0.0;1

63.11461413353648;0.0;1

72.48679765434397;0.0;1

57.83924789025199;0.0;1

87.21739618014385;0.0;1

85.20229881080284;0.0;1

67.11560857818233;0.0;1

45.17183378569053;0.0;1

47.84419739809896;0.0;1

90.74022956985752;0.0;1

74.24271226250812;0.0;1

50.47704170645572;0.0;1

68.78235990537198;0.0;1

39.74153621749805;0.0;1

41.53358893768707;0.0;1

79.26003444513734;0.0;1

64.29937768856756;0.0;1

19.513016138943335;0.0;1

71.11840781204648;0.0;1

57.653466026031964;0.0;1

62.09373197273437;0.0;1

49.57611351563145;0.0;1

78.21268510623199;0.0;1

52.42552857940576;0.0;1

58.41900977565254;0.0;1

47.53919455731986;0.0;1

82.86729650280813;0.0;1

37.89727175185682;0.0;1

40.55765038208854;0.0;1

50.92023124756297;0.0;1

59.94796116993918;0.0;1

53.712985271406374;0.0;1

83.17864546707878;0.0;1

111.7321702068387;0.0;1

45.944785884490074;0.0;1

68.90368320955044;0.0;1

68.93228894634919;0.0;1

59.183132537964866;0.0;1

50.931848572450065;0.0;1

56.79061201447824;0.0;1

53.46613711338317;0.0;1

36.340612240445;0.0;1

57.5535267902119;0.0;1

74.72034111268695;0.0;1

97.4862126358694;0.0;1

92.44658047391727;0.0;1

80.40975379438997;0.0;1

89.2264285272156;0.0;1

69.6704156702347;0.0;1

42.36493786849937;0.0;1

66.2233226632331;0.0;1

53.70511429611738;0.0;1

18.231222950866844;0.0;1

57.20098669375997;0.0;1

45.245839814809514;0.0;1

51.8849668693913;0.0;1

44.91926558596237;0.0;1

54.250298266315625;0.0;1

56.2186809631452;0.0;1

51.90045017293969;0.0;1

47.42529365107652;0.0;1

91.46967757071553;0.0;1

63.895733470889155;0.0;1

68.01183260980929;0.0;1

36.374307889841376;0.0;1

49.58793481477348;0.0;1

54.670063967319834;0.0;1

57.88185100120317;0.0;1

67.56103910965794;0.0;1

70.79380936455652;0.0;1

93.81567259033739;0.0;1

86.7289334378222;0.0;1

83.78657504775175;0.0;1

60.00751575120352;0.0;1

39.4830800807954;0.0;1

60.801824910544966;0.0;1

45.05580539406083;0.0;1

65.72565500057483;0.0;1

71.70253978602311;0.0;1

66.99161869375575;0.0;1

90.40433961816528;0.0;1

66.7595522632754;0.0;1

43.7749291731204;0.0;1

64.38191557342643;0.0;1

45.1248862577033;0.0;1

45.167742131114935;0.0;1

25.386452790993552;0.0;1

38.23528665850213;0.0;1

44.31186634878795;0.0;1

67.31930743716013;0.0;1

72.52459821298271;0.0;1

35.98838258479053;0.0;1

61.44256803570564;0.0;1

49.199022943794354;0.0;1

58.940577814024635;0.0;1

84.44247332381943;0.0;1

29.335729544123485;0.0;1

42.58231971172231;0.0;1

50.298860897911425;0.0;1

84.8428710581698;0.0;1

52.75616927292021;0.0;1

66.62652623648643;0.0;1

71.03798817494008;0.0;1

63.353483226076484;0.0;1

31.5286704831168;0.0;1

12.065175989646832;0.0;1

63.10624855852222;0.0;1

40.270704191521595;0.0;1

10.373151669565814;0.0;1

52.290932178157306;0.0;1

96.10939974633949;0.0;1

72.64512435069847;0.0;1

42.228701432519244;0.0;1

63.79427270434286;0.0;1

30.09009332618804;0.0;1

48.80199957402685;0.0;1

56.206390039814416;0.0;1

66.37191004454891;0.0;1

101.77318414006743;0.0;1

66.35558464448425;0.0;1

39.04085533568633;0.0;1

46.27239537674157;0.0;1

57.818212614670095;0.0;1

54.85083705599606;0.0;1

68.07144625635756;0.0;1

96.8881700752592;0.0;1

29.80420491741239;0.0;1

44.065215743995964;0.0;1

33.26113113091671;0.0;1

33.19167925002653;0.0;1

50.359196096341485;0.0;1

50.264022066599296;0.0;1

71.06991581317364;0.0;1

41.93608287118744;0.0;1

36.01369064044008;0.0;1

53.07333570690131;0.0;1

55.05351253826059;0.0;1

87.66676256251573;0.0;1

66.93120717012728;0.0;1

24.92795428795847;0.0;1

34.929825551580905;0.0;1

22.489848940614564;0.0;1

73.4897168737147;0.0;1

76.17964908919606;0.0;1

53.162271848298715;0.0;1

48.71819617806864;0.0;1

61.097507268224405;0.0;1

80.58794869841823;0.0;1

78.94155971506352;0.0;1

91.1010765602586;0.0;1

94.01902201041598;0.0;1

39.580118297493584;0.0;1

48.54189082083765;0.0;1

40.261479479752026;0.0;1

32.99895516414311;0.0;1

61.47929481707777;0.0;1

49.69817152747362;0.0;1

76.3847179224603;0.0;1

84.08561117772298;0.0;1

51.611490672336764;0.0;1

65.80585075202765;0.0;1

64.47573794826108;0.0;1

64.35734063645761;0.0;1

95.07101828380412;0.0;1

51.76653466040601;0.0;1

52.76055550712906;0.0;1

81.31519187404928;0.0;1

45.43052816875712;0.0;1

38.22075088965477;0.0;1

65.39604713481822;0.0;1

81.52874938162624;0.0;1

58.8624306794492;0.0;1

31.252117675061232;0.0;1

49.321011492933835;0.0;1

81.67600128624834;0.0;1

86.04357680897435;0.0;1

29.590950426141127;0.0;1

71.38632367370761;0.0;1

69.79069108993932;0.0;1

87.77709978696767;0.0;1

66.48219296177507;0.0;1

79.34072233700707;0.0;1

63.19078793818398;0.0;1

68.08271440005491;0.0;1

82.83041113244417;0.0;1

71.59506122791745;0.0;1

51.769783645943306;0.0;1

76.33048677580122;0.0;1

91.32391290598537;0.0;1

60.464173026563046;0.0;1

43.53997347505076;0.0;1

62.815120370287666;0.0;1

18.41841590509788;0.0;1

51.150631203709054;0.0;1

80.70906096579438;0.0;1

76.05268794628056;0.0;1

59.01628280342608;0.0;1

87.93494204934031;0.0;1

93.47063109509139;0.0;1

69.6961861678329;0.0;1

89.1850002631585;0.0;1

38.07195604448183;0.0;1

95.96469716453836;0.0;1

62.283332909173964;0.0;1

67.30493078404967;0.0;1

66.81509792040012;0.0;1

51.33713331585956;0.0;1

60.90472726983326;0.0;1

48.44253319551851;0.0;1

46.19399412382917;0.0;1

88.9668667408278;0.0;1

74.66596781847875;0.0;1

66.83638856115724;0.0;1

33.13366753459181;0.0;1

45.74262292756413;0.0;1

74.071715796177;0.0;1

41.6294531013951;0.0;1

47.734566741932696;0.0;1

71.37419320141497;0.0;1

75.45718378135976;0.0;1

52.36602847506007;0.0;1

52.42245153702694;0.0;1

83.34516038101454;0.0;1

73.20736830062759;0.0;1

76.36787464470244;0.0;1

110.60401088808631;0.0;1

42.42526724133889;0.0;1

91.99264980666277;0.0;1

94.24717561334786;0.0;1

57.56603926498197;0.0;1

80.5841958231411;0.0;1

31.552520515437912;0.0;1

26.770145904153395;0.0;1

47.85650362751229;1.0;1

45.70880483691444;1.0;1

36.01391616708645;1.0;1

83.7931300515679;1.0;1

48.75591932941507;1.0;1

40.92350167622121;1.0;1

91.95414370584943;1.0;1

46.05423935216817;1.0;1

100.72574851943313;1.0;1

66.88422364562486;1.0;1

45.325741580430225;1.0;1

40.9597534316642;1.0;1

94.15327370696275;1.0;1

45.83842555586219;1.0;1

54.65944611159487;1.0;1

54.52481426614988;1.0;1

40.2219989293391;1.0;1

18.104108794192932;1.0;1

51.31737846911065;1.0;1

62.798847501635464;1.0;1

26.314121255081943;1.0;1

60.35322306889711;1.0;1

17.969920317615625;1.0;1

69.82815218385004;1.0;1

41.63899793765724;1.0;1

66.9352134814244;1.0;1

75.8029179121395;1.0;1

57.33547115144098;1.0;1

80.09568609845805;1.0;1

54.58777578138414;1.0;1

33.029259605810694;1.0;1

69.01729097046673;1.0;1

26.03535095174334;1.0;1

35.72609524655569;1.0;1

99.0410806393254;1.0;1

45.59751280511347;1.0;1

62.001973649814914;1.0;1

56.47984128136904;1.0;1

55.365922723588284;1.0;1

52.53868957690612;1.0;1

24.874433915702696;1.0;1

64.65152534697394;1.0;1

65.49991543469413;1.0;1

25.408428407276624;1.0;1

59.695468989676286;1.0;1

16.841785476750815;1.0;1

42.29423475976553;1.0;1

34.5119987255588;1.0;1

64.51439944056412;1.0;1

80.43640296415408;1.0;1

78.55784733730084;1.0;1

61.46908449720771;1.0;1

79.09775189676986;1.0;1

29.615861440821295;1.0;1

87.9962867597068;1.0;1

57.194435272724746;1.0;1

47.926322478044455;1.0;1

50.623520410811956;1.0;1

33.77959820849922;1.0;1

66.63829863838868;1.0;1

62.87421369839685;1.0;1

65.17758546792018;1.0;1

52.94777738947267;1.0;1

60.38691569516132;1.0;1

54.00774937877977;1.0;1

54.54360569152837;1.0;1

82.2382454985307;1.0;1

99.11212191289181;1.0;1

66.1037564680125;1.0;1

67.05431001368898;1.0;1

34.42250966506204;1.0;1

79.85774116879335;1.0;1

15.337681839455755;1.0;1

45.17203012978722;1.0;1

60.459980989425006;1.0;1

83.88759565681676;1.0;1

59.88129946039249;1.0;1

106.39151531644107;1.0;1

73.54040273925125;1.0;1

87.54939348408085;1.0;1

42.0753903547634;1.0;1

29.599976880872056;1.0;1

61.94446108873263;1.0;1

62.812241701625034;1.0;1

52.91140707472991;1.0;1

52.47952735294731;1.0;1

48.23425992020117;1.0;1

94.54249231444732;1.0;1

51.29902424526742;1.0;1

56.44642712920684;1.0;1

75.17225848966619;1.0;1

72.2406042803138;1.0;1

74.90419619422879;1.0;1

68.73286328121856;1.0;1

43.0771905764291;1.0;1

51.83163808200348;1.0;1

30.03909061646251;1.0;1

74.24974268919101;1.0;1

39.35298705513577;1.0;1

78.78503477383026;1.0;1

70.63013837858347;1.0;1

66.71148325911041;1.0;1

34.407450921861354;1.0;1

32.055260303541665;1.0;1

67.51451769746484;1.0;1

68.38325415747492;1.0;1

59.31154691816331;1.0;1

26.682177578556015;1.0;1

67.11186903297738;1.0;1

36.75502564152324;1.0;1

45.55011853982113;1.0;1

77.20580143616998;1.0;1

61.483111951082215;1.0;1

75.28354488555942;1.0;1

57.77661762459728;1.0;1

28.328796105962304;1.0;1

82.41998135320571;1.0;1

52.7531779028997;1.0;1

108.68725986001212;1.0;1

56.15900162029706;1.0;1

78.6519900291031;1.0;1

54.77564177536741;1.0;1

58.5595079145074;1.0;1

39.60732016879758;1.0;1

59.74576658755426;1.0;1

26.097254392435758;1.0;1

65.52356600215073;1.0;1

58.839249880722576;1.0;1

80.81133150875304;1.0;1

101.81714861014396;1.0;1

65.70320795426585;1.0;1

79.5859632368081;1.0;1

18.509521161097922;1.0;1

58.361674369968426;1.0;1

43.02231996742696;1.0;1

47.19875743792878;1.0;1

108.27641827622759;1.0;1

67.47211460848912;1.0;1

47.03506768656277;1.0;1

68.56189406898986;1.0;1

54.83744298016304;1.0;1

37.74816067588218;1.0;1

54.160774213607475;1.0;1

46.37974086314212;1.0;1

76.55141407470157;1.0;1

37.37631499787277;1.0;1

118.14337520695958;1.0;1

76.58747438071184;1.0;1

51.26673427103395;1.0;1

30.104545790883122;1.0;

74.08765762617935;1.0;1

56.052155630613896;1.0;1

54.41557464305828;1.0;1

102.82912140017096;1.0;1

46.572940504833696;1.0;1

41.22800220790904;1.0;1

11.26263444533577;1.0;1

39.96645633158192;1.0;1

70.03710438593522;1.0;1

65.09898031707766;1.0;1

37.631179010861786;1.0;1

57.59818928514283;1.0;1

27.133446687803286;1.0;1

23.44598308495651;1.0;1

52.376470119236764;1.0;1

46.7153283372008;1.0;1

57.94430821533043;1.0;1

33.29028414980082;1.0;1

37.9755840083224;1.0;1

28.245657457985832;1.0;1

95.41155527456407;1.0;1

32.7978514040122;1.0;1

67.5662413642446;1.0;1

22.93406899866303;1.0;1

50.56804621581269;1.0;1

49.55272269364355;1.0;1

90.2175833848504;1.0;1

66.24432895763297;1.0;1

55.11845891557143;1.0;1

39.79430313250893;1.0;1

53.46080871842686;1.0;1

36.54558287897908;1.0;1

43.85780485644301;1.0;1

61.62478673090656;1.0;1

31.819986117171354;1.0;1

68.69272599743476;1.0;1

42.77016393398728;1.0;1

38.26632521574976;1.0;1

48.185831592265984;1.0;1

53.65729335741028;1.0;1

80.39370540803836;1.0;1

57.91195845236695;1.0;1

66.7846457975899;1.0;1

52.189626346140294;1.0;1

50.919831659606416;1.0;1

47.19667451020649;1.0;1

82.25968092960208;1.0;1

61.203804956520734;1.0;1

50.92624834516552;1.0;1

105.93428858930633;1.0;1

25.6560706313509;1.0;1

52.907876424535985;1.0;1

56.358219732009864;1.0;1

81.28542085475472;1.0;1

65.35737834654823;1.0;1

68.37319411748241;1.0;1

74.07686150641243;1.0;1

80.86521258581973;1.0;1

53.008451738166954;1.0;1

69.03899512071204;1.0;1

57.14723489791333;1.0;1

81.92601579891951;1.0;1

36.51208805930871;1.0;1

84.02047637525405;1.0;1

44.180325372217936;1.0;1

73.74631871918446;1.0;1

73.51576279215021;1.0;1

47.00367675744893;1.0;1

51.955115444438306;1.0;1

64.0208119788593;1.0;1

42.20688773061556;1.0;1

47.830383070832966;1.0;1

54.17573524365442;1.0;1

60.57269635135928;1.0;1

58.115918294231776;1.0;1

99.97000745261266;1.0;1

37.72231491820021;1.0;1

52.327107631486015;1.0;1

45.70014278157383;1.0;1

81.53800315974118;1.0;1

48.413162831565806;1.0;1

1.7380969196276368;1.0;1

57.555175306957864;1.0;1

56.036526976558605;1.0;1

63.52866406941013;1.0;1

80.5944602878266;1.0;1

40.40944157498006;1.0;1

56.23822993801195;1.0;1

50.38636076842556;1.0;1

53.70997621737369;1.0;1

61.81515067713583;1.0;1

70.84292611040792;1.0;1

94.26592731049018;1.0;1

43.001258530751684;1.0;1

90.53523059056208;1.0;1

73.85178199120526;1.0;1

70.56491800591202;1.0;1

74.36605885922846;1.0;1

47.47743787933153;1.0;1

24.466067930247448;1.0;1

75.1313471340956;1.0;1

34.08445123229913;1.0;1

78.31720333910847;1.0;1

42.394450707128456;1.0;1

73.9509230686817;2.0;1

34.02131007576457;2.0;1

53.640068680272044;2.0;1

52.24971643599878;2.0;1

54.31999022143058;2.0;1

58.2856757319377;2.0;1

16.428898265040452;2.0;1

51.93936120736523;2.0;1

88.67827497487765;2.0;1

32.31641172673574;2.0;1

51.11167760246708;2.0;1

73.9339267886929;2.0;1

58.12369790326958;2.0;1

61.35309093654656;2.0;1

56.13869079958933;2.0;1

97.54777519410032;2.0;1

70.2319258492955;2.0;1

66.12454584108065;2.0;1

20.860879122540496;2.0;1

60.9240381197443;2.0;1

84.08590928988826;2.0;1

60.70556478930233;2.0;1

22.05441674074003;2.0;1

63.97991453085585;2.0;1

39.13825586760693;2.0;1

38.71826922692445;2.0;1

42.37630116659572;2.0;1

66.4452790215539;2.0;1

85.67034295283963;2.0;1

64.60474790757343;2.0;1

48.230262850214984;2.0;1

76.29163497512326;2.0;1

37.671845957673256;2.0;1

79.25913214080127;2.0;1

41.59419548441261;3.0;1

30.306142395159547;3.0;1

74.55126154237047;3.0;1

56.45351795808349;3.0;1

73.14048360100124;3.0;1

62.16392503182836;0.0;0

64.8692939217201;0.0;0

92.58666295349269;0.0;0

72.49899889493454;0.0;0

84.95789095807524;0.0;0

50.56117036352481;0.0;0

94.56662078960463;0.0;0

57.13537001243064;0.0;0

60.150787532981795;0.0;0

85.54091840006417;0.0;0

81.55194654704111;0.0;0

59.52053948440189;0.0;0

95.44716074536336;0.0;0

12.509334337293339;0.0;0

43.50594833004953;0.0;0

42.687588364929404;0.0;0

56.17319825210042;0.0;0

57.73700952863972;0.0;0

55.211660592398694;0.0;0

42.80956075095095;0.0;0

64.54504984359937;0.0;0

42.15142308869855;0.0;0

77.51987173415667;0.0;0

70.75508531325453;0.0;0

86.58550629144692;0.0;0

50.22463695518072;0.0;0

76.88377678386708;0.0;0

50.495107700945795;0.0;0

81.14883104115117;0.0;0

72.66562573366403;0.0;0

54.3175593572969;0.0;0

31.016793910702166;0.0;0

67.70799567386818;0.0;0

84.70421495393249;0.0;0

54.66283859945567;0.0;0

22.350076406492896;0.0;0

40.420656188713096;0.0;0

40.9329596425072;0.0;0

31.476879789449328;0.0;0

58.265145285570334;0.0;0

56.820019567711256;0.0;0

46.564587094381;0.0;0

63.44264534148714;0.0;0

95.80198591801383;0.0;0

91.0627662131598;0.0;0

64.46356285342121;0.0;0

26.641673676164828;0.0;0

100.1257426061232;0.0;0

53.0379322929343;0.0;0

70.57242300423502;0.0;0

81.9714368894642;0.0;0

43.44040725107591;0.0;0

27.055879276384843;0.0;0

76.80487955418832;0.0;0

75.10536389912167;0.0;0

44.637629330931;0.0;0

76.70029167597312;0.0;0

62.618776157050924;0.0;0

57.6929183662963;0.0;0

58.819253067072495;0.0;0

29.932196047870153;0.0;

67.23577487224293;0.0;0

80.24671790870465;0.0;0

55.974334664089;0.0;0

45.897461512001684;0.0;0

51.054382448476815;0.0;0

40.30256631149618;0.0;0

27.965027017208506;0.0;0

31.206057589929248;0.0;0

55.87541911547075;0.0;0

66.42226624788913;0.0;0

42.03232198212093;0.0;0

32.578320226514506;0.0;0

60.54056293639726;0.0;0

75.48117314104127;0.0;0

73.14412004043538;0.0;0

52.653810488207256;0.0;0

74.4625582013955;0.0;0

60.015486725779525;0.0;0

42.12310184045423;0.0;0

61.17696733506581;0.0;0

79.46139026630937;0.0;0

33.5403963640662;0.0;0

74.55037319178436;0.0;0

66.89712713523907;0.0;0

55.55296770411363;0.0;0

43.70235664984169;0.0;0

49.157625649191054;0.0;0

30.255359346969783;0.0;0

18.904937081840238;0.0;0

50.61039451481857;0.0;0

85.86006782783625;0.0;0

58.430582833220015;0.0;0

31.422661100217827;0.0;0

79.3340644956381;0.0;0

57.93556198044732;0.0;0

65.99468227735136;0.0;0

78.36182364044133;0.0;0

83.08815751846564;0.0;0

65.37968174743398;0.0;0

74.02640755334846;0.0;0

47.07918836240011;0.0;0

64.20919974950299;0.0;0

62.11764741091649;0.0;0

40.37099857404726;0.0;0

52.2533189880974;0.0;0

57.73991277475956;0.0;0

62.14733609281884;0.0;0

73.0385262760264;0.0;0

63.74912765582148;0.0;0

31.71972750119248;0.0;0

70.55571152318639;0.0;0

57.55679213503819;0.0;0

12.17391341211406;0.0;0

52.18177978946643;0.0;0

65.5850053781829;0.0;0

77.11506213737081;0.0;0

84.42995957656382;1.0;0

51.775579507139035;1.0;0

61.18046035212347;1.0;0

57.04371127827744;1.0;0

75.14593490343773;1.0;0

70.82852506069729;1.0;0

68.2388673432216;1.0;0

96.4068306662935;1.0;0

29.374383837363656;1.0;0

58.87958745064741;1.0;0

52.642641931742226;1.0;0

55.32452424261455;1.0;0

82.68399514936071;1.0;0

33.54594337769625;1.0;0

59.572636676239426;1.0;0

55.85783367872125;1.0;0

69.47204107696568;1.0;0

35.16892173269346;1.0;0

72.1360626832156;1.0;0

105.56264029822273;1.0;0

66.68247434716761;1.0;0

62.283621876250656;1.0;0

58.014127752058904;1.0;0

57.47685548553716;1.0;0

46.93135718476368;1.0;0

53.2936874231256;1.0;0

70.93710423419759;1.0;0

88.99773974682051;1.0;0

89.43521336102444;1.0;0

85.07629028193864;1.0;0

36.08697103174748;1.0;0

56.00804289364368;1.0;0

79.19519992335006;1.0;0

100.64294666643445;1.0;0

64.0671874360088;1.0;0

48.73297755216858;1.0;0

85.23390740601036;1.0;0

58.99047257123027;1.0;0

48.152665184885244;1.0;0

78.48832117712281;1.0;0

61.633053705245935;1.0;0

43.920683518256375;1.0;0

50.978100482425596;1.0;0

61.61561460571403;1.0;0

92.08656541434345;1.0;0

47.695581368357374;1.0;0

38.873985920376214;1.0;0

92.4819081423571;1.0;0

46.47396031767459;1.0;0

98.18215312432105;1.0;0

65.14813303331687;1.0;0

68.21317273798974;1.0;0

75.38386699731517;1.0;0

24.04374943461241;1.0;0

62.64203745848667;1.0;0

74.92463342068802;1.0;0

29.00421517414459;1.0;0

57.938600282071334;1.0;0

55.28339332598375;1.0;0

72.37094561442049;1.0;0

32.19924826998336;1.0;0

47.858780270875435;1.0;0

75.72963554549135;1.0;0

80.71509351471835;1.0;0

53.39610158731803;1.0;0

94.35333173091801;1.0;0

92.84873209772448;1.0;0

99.16395762023856;1.0;0

72.95934730339108;1.0;0

73.40512400393706;1.0;0

71.20530408122931;1.0;0

92.02994864497214;1.0;0

57.104474132285105;1.0;0

93.98218788725615;1.0;0

27.91002894787517;1.0;0

75.1595526610073;1.0;0

84.13378175609009;1.0;0

65.06959917991895;1.0;0

59.12059789772689;1.0;0

78.89905666771766;1.0;0

24.862777136265677;1.0;0

99.87251265337676;1.0;0

67.30578382142107;1.0;0

60.22358636039231;1.0;0

62.940928690269196;1.0;0

54.64716749104315;1.0;0

78.71361495432;1.0;0

69.35436683961454;1.0;0

30.577981384170062;1.0;0

38.540845243607315;1.0;0

77.77144384456415;1.0;0

75.3929301675076;1.0;0

77.16903350109357;1.0;0

85.36340329572013;1.0;0

49.19913800820587;1.0;0

64.47617137405759;1.0;0

57.298981590618915;1.0;0

61.12102683381009;1.0;0

62.32677477546372;1.0;0

52.43873285925019;1.0;0

53.15687408405423;1.0;0

19.336425828797026;1.0;0

66.59596022907193;1.0;0

43.808332048520874;1.0;0

69.62465524385784;1.0;0

67.66541018961726;1.0;0

25.40445897395336;1.0;0

64.59345403538302;1.0;0

72.94304547927871;1.0;0

51.968650931603236;1.0;0

73.73574151723933;1.0;0

57.44044679074239;1.0;0

81.68115720984056;1.0;0

52.50485868384362;1.0;0

56.31403009684461;1.0;0

70.25256511847095;1.0;0

44.40927422773516;1.0;0

40.62820174407378;1.0;0

93.9531970301651;1.0;0

56.91777623409129;1.0;0

43.63582194477481;1.0;0

62.21956015675475;1.0;0

90.02374106979403;1.0;0

61.42696695118826;1.0;0

66.07514535299696;1.0;0

65.35569626231151;1.0;0

8.067656113340064;1.0;0

58.53829792698114;1.0;0

60.650340241389735;1.0;0

46.61459485439391;1.0;0

51.35709138043863;1.0;0

71.42252190805549;1.0;0

69.8563152649968;1.0;0

94.12519898760507;1.0;0

55.96690122151611;1.0;0

55.819358111136154;1.0;0

65.83819521726019;1.0;0

67.209361093079;1.0;0

57.875739424032524;1.0;0

69.03025158520494;1.0;0

40.97697960994013;1.0;0

56.465206811934436;1.0;0

36.43314520009338;1.0;0

47.9686183820903;1.0;0

83.64779172259607;1.0;0

61.73024329581598;1.0;0

58.973102897378375;1.0;0

66.03024607050324;1.0;0

80.28297840469743;1.0;0

54.85271978195777;1.0;0

78.7598413381713;1.0;0

80.69592655140917;1.0;0

35.419724716444804;1.0;0

61.94407592240405;1.0;0

62.95062535855594;1.0;0

71.60795426988516;1.0;0

61.58316996217012;1.0;0

77.42040508655234;1.0;0

47.617141991200484;1.0;0

40.59754144838025;1.0;0

63.14810430824285;1.0;0

43.33655411617989;1.0;0

77.22079792703255;1.0;0

83.44645505415949;1.0;0

78.93859694652593;1.0;0

45.76711162661165;1.0;0

59.25951704311175;1.0;0

55.74572664412877;1.0;0

89.16926186630202;1.0;0

81.29769853735772;1.0;0

65.28593750113605;1.0;0

33.797490475259096;1.0;0

63.016932277203864;1.0;0

64.58480789001995;1.0;0

87.38484065734971;1.0;0

58.220024644626;1.0;0

50.32271467826375;1.0;0

57.94964293880627;1.0;0

48.364791453288404;1.0;0

73.76663452909034;1.0;0

67.81291225535026;1.0;0

23.141413624216447;2.0;

67.81675415700384;2.0;0

21.25679822761854;2.0;0

50.60634773443088;2.0;0

79.45999314874093;2.0;0

62.96531485617474;2.0;0

44.985679102979105;2.0;0

43.569277522228504;2.0;0

77.15762601519842;2.0;0

69.6799865273526;2.0;0

49.880300119317745;2.0;0

29.38779913875745;2.0;0

42.287464152210376;2.0;0

78.50573486130415;2.0;0

49.20031235915633;2.0;0

23.84320769794114;2.0;0

45.91436801978202;2.0;0

56.11210285109779;2.0;0

53.52501105077612;2.0;0

71.44076283118358;2.0;0

50.03989857849953;2.0;0

44.22694931252426;2.0;0

57.915358437444354;2.0;0

64.11157728387236;2.0;0

74.32278808379235;2.0;0

72.08608531599059;2.0;0

28.628467174320885;2.0;0

83.38614408504472;2.0;0

50.68561107808636;2.0;0

68.62738412894979;2.0;0

61.363909395969344;2.0;0

63.7622954154965;2.0;0

66.52281938126643;2.0;0

62.501600370689864;2.0;0

76.64420843728098;2.0;0

37.892020086082965;2.0;0

96.03079330318747;2.0;0

58.20204528900765;2.0;0

71.30218756757061;2.0;0

46.28704894495258;2.0;0

42.036982385302316;2.0;0

58.41404329715844;2.0;0

39.5620843846735;2.0;0

59.261860654237566;2.0;0

76.04167752414114;2.0;0

63.32591003316178;2.0;0

39.166888228347304;2.0;0

67.36396096333115;2.0;0

61.11812512877681;2.0;0

75.14925599185739;2.0;0

72.06665896131051;2.0;0

94.5420446887714;2.0;0

71.03599060294133;2.0;0

47.93652828006345;2.0;0

66.09334592615834;2.0;0

79.67470202983434;2.0;0

5.678695568306509;2.0;0

32.507911805256676;2.0;0

57.43257447581356;2.0;0

42.819766940375345;2.0;0

54.6643924280479;2.0;0

68.56480793697166;2.0;0

69.31399623658336;2.0;0

97.74047243875125;2.0;0

48.47841330450991;2.0;0

67.79652038239531;2.0;0

48.384969093609826;2.0;0

60.08677552400612;2.0;0

72.47257726033783;2.0;0

48.47675702054877;2.0;0

74.40571684611635;2.0;0

54.8181716255681;2.0;0

71.03483821629406;2.0;0

29.591519497072653;2.0;0

25.099964559799986;2.0;0

80.82557828560535;2.0;0

72.81449297926922;2.0;0

76.03387574406878;2.0;0

62.205421788206735;2.0;0

35.431805141223535;2.0;0

57.0537894369019;2.0;0

106.05669843035183;2.0;0

56.797252750799466;2.0;0

47.481697368202056;2.0;0

77.58072419301057;2.0;0

59.65362638198185;2.0;0

46.13682959420904;2.0;0

35.4084525230221;2.0;0

15.433637786469973;2.0;0

66.95556693317634;2.0;0

70.53278181282337;2.0;0

51.84808856568463;2.0;0

77.57542554420392;2.0;0

69.7682761886837;2.0;0

63.5736563918494;2.0;0

71.26241461331658;2.0;0

59.30514776843927;2.0;0

71.09007226101551;2.0;0

38.52476751355659;2.0;0

42.06527026092375;2.0;0

83.56291950446723;2.0;0

56.16953041643554;2.0;0

76.24948261396995;2.0;0

83.98918604740282;2.0;0

85.01396106840163;2.0;0

33.15887562633748;2.0;0

54.09345451966739;2.0;0

89.56314878927428;2.0;0

45.608307365343734;2.0;0

66.11061579205861;2.0;0

24.27617414064182;2.0;0

45.60399168680884;2.0;0

26.860240330180353;2.0;0

67.23825547048142;2.0;0

57.638961996019084;2.0;0

85.46599028587679;2.0;0

47.323932285186565;2.0;0

80.21479489144394;2.0;0

97.71911247712578;2.0;0

88.95001909577553;2.0;0

87.51272727838878;2.0;0

72.74747987924752;2.0;0

83.38895606429698;2.0;0

60.73908094593401;2.0;0

56.48888357634381;2.0;0

77.39083663369185;2.0;0

87.77462547396144;2.0;0

30.00248020285919;2.0;0

66.13199370213364;2.0;0

37.381522096602936;2.0;0

67.85314260683597;2.0;0

42.32175648239044;2.0;0

108.45094447914167;2.0;0

52.544630281685365;2.0;0

72.32464506802447;2.0;0

43.65536358989446;2.0;0

60.101410348695175;2.0;0

57.64625820019382;2.0;0

81.29016919578078;2.0;0

15.300792842219941;2.0;0

33.01708091955001;2.0;0

85.29419073958245;2.0;0

69.95310117484247;2.0;0

73.67003672319868;2.0;0

73.94718936151209;2.0;0

76.07961587508623;2.0;0

60.13817921374228;2.0;0

71.75703165877111;2.0;0

45.58723869041657;2.0;0

43.06726294469989;2.0;0

44.45606510760883;2.0;0

37.235045980930344;2.0;0

70.2792917934167;2.0;0

47.142085995510904;2.0;0

51.59609635026925;2.0;0

75.13188711649727;2.0;0

52.78848971588554;2.0;0

43.70571951953059;2.0;0

71.12063692166068;2.0;0

87.17754471457411;2.0;0

53.37164787364242;2.0;0

39.875299841478636;2.0;0

48.87890029704959;2.0;0

73.77102636488962;2.0;0

44.48754754378882;2.0;0

41.27851974573948;2.0;0

3.5352675637343935;2.0;0

47.46811931708335;3.0;0

96.92590144493056;3.0;0

14.161646511421672;3.0;0

58.620297429343516;3.0;0

20.66933287724136;3.0;0

99.31885699565515;3.0;0

82.37972434166554;3.0;0

42.61036332659555;3.0;0

88.97119781393374;3.0;0

77.6731718630627;3.0;0

85.35542910098644;3.0;0

32.437223957172414;3.0;0

30.915877417536382;3.0;0

61.061448903522;3.0;0

66.3047979576166;3.0;0

50.869954962031;3.0;0

68.93163378029928;3.0;0

43.180230634948906;3.0;0

44.82171301851308;3.0;0

46.729070341753136;3.0;0

72.80366115987559;3.0;0

105.0040360519645;3.0;0

44.93054815653882;3.0;0

61.54145909221137;3.0;0

86.63165752798785;3.0;0

83.73209016621388;3.0;0

57.16357511551699;3.0;0

39.07174859418383;3.0;0

53.93584804956017;3.0;0

97.17434182650626;3.0;0

61.11121053782482;3.0;0

32.153750342694124;3.0;0

15.105222955312726;3.0;0

49.54636775094532;3.0;0

44.902663969306104;3.0;0

43.830265624818075;3.0;0

48.529565763187534;3.0;0

71.23536121407435;3.0;0

93.06422512480823;3.0;0

67.27281006054008;3.0;0

39.31403994239234;3.0;0

78.89197818126341;3.0;0

77.39809863208535;3.0;0

66.19203568932313;3.0;0

104.68249321000278;3.0;0

42.73456693492553;3.0;0

95.529495769607;3.0;0

14.65391301326158;3.0;0

46.43288535922816;3.0;0

70.28390198764;3.0;0

68.63517181191473;3.0;0

59.49997858099005;3.0;0

56.77953519099096;3.0;0

59.41510683544778;3.0;0

92.73193803005893;3.0;0

55.00081655877391;3.0;0

52.846261646697016;3.0;0

82.95432420788838;3.0;0

38.51405757991362;3.0;0

53.02154756746286;3.0;0

51.54484133784251;3.0;0

95.55406543205214;3.0;0

53.97851576312846;3.0;0

42.8997134698088;3.0;0

80.29069877728573;3.0;0

102.66428214243211;3.0;0

69.64222957163787;3.0;0

61.015158402270174;3.0;0

53.88569763922213;3.0;0

96.79276321500139;3.0;0

68.66015790289987;3.0;0

54.87041793290037;3.0;0

54.52273930867062;3.0;0

76.75398660197607;3.0;0

44.52150505197526;3.0;0

67.70716591026151;3.0;0

56.79017923554378;3.0;0

16.627827466449816;3.0;0

25.54802753987098;3.0;0

68.14127400176713;3.0;0

40.33250632972196;3.0;0

42.70081776132136;3.0;0

44.33582182972602;3.0;0

49.578016302497915;3.0;0

23.95113260386531;3.0;0

81.12736433449251;3.0;0

55.22641226229544;3.0;0

65.29052873720146;3.0;0

77.99057232347354;3.0;0

67.82168077530383;4.0;0

105.52537360935585;4.0;0

91.21731744909108;4.0;0

44.255567653661366;4.0;0

60.73477483113395;4.0;0

69.59300234494783;4.0;0

83.03907128036874;4.0;0

55.671861198340295;4.0;0

49.24891227790327;4.0;0

62.793131276793915;4.0;0

40.75861779207973;4.0;0

42.86671053022405;4.0;0

63.70859868790673;4.0;0

82.6882363139126;4.0;0

40.598366881981164;4.0;0

62.72005234177246;4.0;0

30.020233783619528;4.0;0

72.01880504140277;4.0;0

65.54413401541083;4.0;0

52.951277982453284;4.0;0

51.726300869385845;4.0;0

64.28078068039582;4.0;0

47.383335418505155;4.0;0

46.26706189009738;4.0;0

27.655861568330224;4.0;0

77.63746628299725;4.0;0

55.02674774110667;4.0;0

62.922698099949315;4.0;0

82.31731525684688;4.0;0

59.55107016930478;4.0;0

51.941535298286695;4.0;0

79.0193301979712;4.0;0

69.19062386615389;4.0;0

33.7272433004664;4.0;0

123.21586837392078;4.0;0

83.31357711252109;4.0;0

46.925569320689185;4.0;0

61.49052755648509;5.0;0

70.87755389344285;5.0;0

50.924882645687504;5.0;0

66.51050072952593;5.0;0

47.92121667633416;5.0;0

58.638893077833345;5.0;0

28.6889000926611;5.0;0

56.35884038750159;5.0;0

64.71185147561431;6.0;0

34.01685929354657;6.0;0

50.20614481075006;6.0;0

